KMeans_Cluster,Store_Count,Avg_Weekly_Sales,Avg_Size,Avg_Markdown,Avg_Volatility
0,20,9234.575606283208,75049.8,3250.5470474460494,13179.657905717304
1,25,20401.2714044811,174477.84,8758.051664488237,24872.02327627907
